SampleID,aligned_est_fold_cov,aligned_frac_bases,aligned_num_bases,aligned_num_reads,aligned_read_length,average_identity
S3_WGS-batchC_4051002301-ST140_S9,36.83901650373536,0.8464303182523893,859558841,5886526,250,99.18137750851196
S3_WGS-batchC_4051002565-ST151_S20,581.1314116983364,0.9948982667860783,13559445667,82113977,250,98.4876332260464
S3_WGS-batchD_4051002323-ST156_S5,431.85816333794617,0.9877439015931307,10076476996,61078973,250,98.64183198101551
